{"stats":{"minecraft:killed":{"minecraft:vindicator":1,"minecraft:pillager":2},"minecraft:custom":{"minecraft:time_since_rest":5537,"minecraft:open_chest":6,"minecraft:crouch_one_cm":338,"minecraft:play_time":5537,"minecraft:sprint_one_cm":7494,"minecraft:walk_one_cm":7621,"minecraft:sneak_time":418,"minecraft:walk_under_water_one_cm":6204,"minecraft:mob_kills":3,"minecraft:drop":2,"minecraft:jump":40,"minecraft:damage_dealt":1143,"minecraft:time_since_death":5537,"minecraft:walk_on_water_one_cm":218,"minecraft:climb_one_cm":245,"minecraft:total_world_time":5537,"minecraft:swim_one_cm":756,"minecraft:fly_one_cm":120179},"minecraft:dropped":{"minecraft:sand":2},"minecraft:picked_up":{"minecraft:white_banner":1,"minecraft:sand":2},"minecraft:used":{"basicweapons:iron_club":9,"basicweapons:iron_hammer":2,"minecraft:goat_horn":1,"minecraft:experience_bottle":4}},"DataVersion":3465}