{"stats":{"minecraft:killed":{"minecraft:spider":1,"minecraft:vindicator":1,"minecraft:pillager":2,"minecraft:zombie":1,"born_in_chaos_v1:bonescaller_not_despawn":1,"born_in_chaos_v1:baby_skeleton_minion":1},"minecraft:custom":{"minecraft:time_since_rest":11082,"minecraft:open_chest":19,"minecraft:crouch_one_cm":338,"minecraft:play_time":11082,"minecraft:sprint_one_cm":25112,"minecraft:walk_one_cm":17563,"minecraft:sneak_time":595,"minecraft:walk_under_water_one_cm":6204,"minecraft:mob_kills":7,"minecraft:drop":2,"minecraft:damage_dealt_resisted":804,"minecraft:jump":65,"minecraft:damage_dealt":2161,"minecraft:leave_game":1,"minecraft:time_since_death":11082,"minecraft:walk_on_water_one_cm":218,"minecraft:climb_one_cm":528,"minecraft:total_world_time":11082,"minecraft:swim_one_cm":756,"minecraft:fly_one_cm":202550,"minecraft:open_barrel":3},"minecraft:dropped":{"minecraft:sand":2},"minecraft:picked_up":{"minecraft:white_banner":1,"born_in_chaos_v1:seedof_chaos":2,"minecraft:sand":2},"minecraft:used":{"basicweapons:iron_club":18,"minecraft:iron_axe":3,"basicweapons:iron_hammer":11,"minecraft:goat_horn":1,"minecraft:experience_bottle":4}},"DataVersion":3465}